{"cameraMode":{"drawMode":0,"name":"Shaded","section":"Shading Mode"},"sceneLighting":true,"audioPlay":false,"sceneViewState":{"showFog":true,"showMaterialUpdate":false,"showSkybox":true,"showFlares":true,"showImageEffects":true,"showParticleSystems":true},"in2DMode":false,"pivot":{"x":0.19610774517059327,"y":0.4338345527648926,"z":0.20799505710601808},"rotation":{"x":0.3153497874736786,"y":0.5300256609916687,"z":-0.22120437026023866,"w":0.7554815411567688},"size":1.4864652156829835,"orthographic":false}