{"cameraMode":{"drawMode":0,"name":"Shaded","section":"Shading Mode"},"sceneLighting":true,"audioPlay":false,"sceneViewState":{"showFog":true,"showMaterialUpdate":false,"showSkybox":true,"showFlares":true,"showImageEffects":true,"showParticleSystems":true},"in2DMode":false,"pivot":{"x":820.9987182617188,"y":401.8597412109375,"z":550.6737670898438},"rotation":{"x":-0.1058988869190216,"y":-0.7893173098564148,"z":0.14216236770153047,"w":-0.587860107421875},"size":2.2441799640655519,"orthographic":false}